base,sugg_1,sugg_2,sugg_3,sugg_4,sugg_5,volume,cpc,score
bestblue widgets2025,bestblue widgets2025 suggestion 1,bestblue widgets2025 suggestion 2,bestblue widgets2025 suggestion 3,bestblue widgets2025 suggestion 4,bestblue widgets2025 suggestion 5,0,0.0,0.0
bestblue widgetsnear me,bestblue widgetsnear me suggestion 1,bestblue widgetsnear me suggestion 2,bestblue widgetsnear me suggestion 3,bestblue widgetsnear me suggestion 4,bestblue widgetsnear me suggestion 5,0,0.0,0.0
bestketo snacks2025,bestketo snacks2025 suggestion 1,bestketo snacks2025 suggestion 2,bestketo snacks2025 suggestion 3,bestketo snacks2025 suggestion 4,bestketo snacks2025 suggestion 5,0,0.0,0.0
bestketo snacksnear me,bestketo snacksnear me suggestion 1,bestketo snacksnear me suggestion 2,bestketo snacksnear me suggestion 3,bestketo snacksnear me suggestion 4,bestketo snacksnear me suggestion 5,0,0.0,0.0
bestsolar chargers2025,bestsolar chargers2025 suggestion 1,bestsolar chargers2025 suggestion 2,bestsolar chargers2025 suggestion 3,bestsolar chargers2025 suggestion 4,bestsolar chargers2025 suggestion 5,0,0.0,0.0
bestsolar chargersnear me,bestsolar chargersnear me suggestion 1,bestsolar chargersnear me suggestion 2,bestsolar chargersnear me suggestion 3,bestsolar chargersnear me suggestion 4,bestsolar chargersnear me suggestion 5,0,0.0,0.0
cheapblue widgets2025,cheapblue widgets2025 suggestion 1,cheapblue widgets2025 suggestion 2,cheapblue widgets2025 suggestion 3,cheapblue widgets2025 suggestion 4,cheapblue widgets2025 suggestion 5,0,0.0,0.0
cheapblue widgetsnear me,cheapblue widgetsnear me suggestion 1,cheapblue widgetsnear me suggestion 2,cheapblue widgetsnear me suggestion 3,cheapblue widgetsnear me suggestion 4,cheapblue widgetsnear me suggestion 5,0,0.0,0.0
cheapketo snacks2025,cheapketo snacks2025 suggestion 1,cheapketo snacks2025 suggestion 2,cheapketo snacks2025 suggestion 3,cheapketo snacks2025 suggestion 4,cheapketo snacks2025 suggestion 5,0,0.0,0.0
cheapketo snacksnear me,cheapketo snacksnear me suggestion 1,cheapketo snacksnear me suggestion 2,cheapketo snacksnear me suggestion 3,cheapketo snacksnear me suggestion 4,cheapketo snacksnear me suggestion 5,0,0.0,0.0
cheapsolar chargers2025,cheapsolar chargers2025 suggestion 1,cheapsolar chargers2025 suggestion 2,cheapsolar chargers2025 suggestion 3,cheapsolar chargers2025 suggestion 4,cheapsolar chargers2025 suggestion 5,0,0.0,0.0
cheapsolar chargersnear me,cheapsolar chargersnear me suggestion 1,cheapsolar chargersnear me suggestion 2,cheapsolar chargersnear me suggestion 3,cheapsolar chargersnear me suggestion 4,cheapsolar chargersnear me suggestion 5,0,0.0,0.0
