base,url_1,title_1,snippet_1,url_2,title_2,snippet_2,url_3,title_3,snippet_3
bestblue widgets2025,https://www.tiktok.com/discover/how-to-use-themie-icon-themes-widget,How to Use Themie Icon Themes Widget | TikTok,"7 days ago ... blue home screen tutorial, iphone aesthetic designs, customize iphone widgets, DIY blue ... How to Install Icons in Color Widgets 2025 · How ...",https://www.tiktok.com/discover/how-to-use-color-widgets-icons-for-app,How to Use Color Widgets Icons for App | TikTok,"7 days ago ... ... best blue wallpapers for iphone. Transcript. Hi, besties. Let's make a ... How to Install Icons in Color Widgets 2025 · Como Se Usa La App ...",,,
bestblue widgetsnear me,,,,,,,,,
bestketo snacks2025,https://www.fourscoreliving.com/keto-snacks/,Best Keto Snacks 2025 - Four Score Living,"Aug 28, 2022 ... Best Keto Snacks 2025 · Coconut Chips - Great low carb snack with no added sugar and 3 grams of net carbs per serving. · Roasted Seaweed Sheets ...",https://www.healthline.com/nutrition/best-keto-snacks,The 30 Best Keto Snacks,"There are many high fat, low carb snack options available that are flavorful, nutritious, and easy to fit into a ketogenic diet.",https://www.reddit.com/r/keto/comments/1ifym3c/costco_keto_products/,Costco Keto products : r/keto,"Feb 2, 2025 ... ... Snack Sticks - Nuts or Keto mix - Any rotating keto friendly seasonal item that looks good. Occasionally grab a full ribeye or strip and cut ..."
bestketo snacksnear me,https://www.truefoodkitchen.com/locations/chicago/,True Food Kitchen Chicago | Healthy Restaurant in River North,"Jan 28, 2025 ... ... in your party has a food allergy or a special dietary need and we will do our best to make accommodations. View our nutritional guide here.",https://www.reddit.com/r/keto/comments/145qifi/keto_safe_fast_food/,Keto safe fast food? : r/keto,"Jun 10, 2023 ... I'm so proud of myself, no cheat days or accidents. So I've been pretty much avoiding any kind of fast food because I've learned that carbs are ...",https://www.snapkitchen.com/,Snap Kitchen: Homepage,"Your everyday market for delicious healthy, ready-to-eat meals and more."
bestsolar chargers2025,https://www.outdoorgearlab.com/topics/camping-and-hiking/best-solar-charger,The 9 Best Solar Chargers of 2025 | Tested & Rated,"Feb 18, 2025 ... We tested 30 solar chargers to power our adventures, including brands like Jackery, GoalZero, BioLite, and more.",https://www.reddit.com/r/backpacking/comments/1ao6llt/whats_your_favorite_solar_phone_charger/,What's your favorite solar phone charger? : r/backpacking,"Feb 11, 2024 ... I am thinking about buying a good solar phone charger for backpacking. My only concern is how fast it charges. I can't trust Amazon reviews, so I'm asking on ...",https://www.amazon.com/Best-Sellers-Cell-Phone-Solar-Chargers/zgbs/wireless/2407762011,Amazon Best Sellers: Best Cell Phone Solar Chargers,"40W Foldable Solar Panel Charger with USB-C and USB-A Outputs for Phones, Power Banks, Tablets - Waterproof for Camping, Hiking, Backpacking"
bestsolar chargersnear me,https://www.reddit.com/r/prius/comments/18svpdc/recommended_charger_for_battery_reconditioning/,Recommended charger for battery reconditioning? : r/prius,"Dec 28, 2023 ... Can anyone with experience on this give me some guidance? Archived post. New comments cannot be posted and votes cannot be cast.",https://www.bestbuy.com/site/searchpage.jsp?id=pcat17071&st=solar+charger,solar charger - Best Buy,"""solar charger"" · Jackery - Explorer 300 Plus Portable Power Solar Generator + 40W Solar Panel (288 Wh Capacity) - Black · ToughTested - Switchback 10,000 mAh ...",https://www.reddit.com/r/TeslaModel3/comments/1cnam67/best_way_to_find_any_chargers_without_supercharger/,Best way to find any chargers without supercharger. : r/TeslaModel3,"May 8, 2024 ... No but mostly bad luck I tried a supercharger because Tesla directed me to it and then a couple out of order charge points and what I assume to ..."
cheapblue widgets2025,,,,,,,,,
cheapblue widgetsnear me,,,,,,,,,
cheapketo snacks2025,https://www.healthline.com/nutrition/best-keto-snacks,The 30 Best Keto Snacks,"There are many high fat, low carb snack options available that are flavorful, nutritious, and easy to fit into a ketogenic diet.",https://www.cozymeal.com/magazine/best-keto-fast-food,Best Keto Fast Food | Guide for 2025 | Cozymeal,"Jun 5, 2025 ... Grilled chicken is low in carbs, making it a great fit for a ketogenic diet. The chicken is seasoned with a blend of flavorsome spices, allowing ...",,,
cheapketo snacksnear me,https://www.reddit.com/r/keto/comments/145qifi/keto_safe_fast_food/,Keto safe fast food? : r/keto,"Jun 10, 2023 ... I'm not helping anyone eat at McDonalds or Subway (just make a lettuce or low carb wrap). When traveling for work I grew so sick of these two ...",https://www.delish.com/cooking/g4801/keto-snacks/,54 Best Keto Snacks To Make - Easy Keto-Friendly Snack Recipes,"Jan 15, 2025 ... Cheesy Cauli Bread. low carb cheesy bread made out of cauliflower PHOTO: SUZANNE CLEMENTS. Cauliflower is truly ...",https://www.lowcarbcanada.ca/,Low Carb Canada Shop for Keto & Diabetic Friendly Food Online,"Low Carb Canada provides low carb groceries for Canadians living with diabetes or weight problems. We stock over 1500 keto, gluten free and low carb ..."
cheapsolar chargers2025,https://www.reddit.com/r/backpacking/comments/1ao6llt/whats_your_favorite_solar_phone_charger/,What's your favorite solar phone charger? : r/backpacking,"Feb 11, 2024 ... Comments Section ... From my experience it's almost always better to go with a big power bank. Unless you're away from outlets for a week plus.",https://www.amazon.com/Best-Sellers-Cell-Phone-Solar-Chargers/zgbs/wireless/2407762011,Amazon Best Sellers: Best Cell Phone Solar Chargers,"40W Foldable Solar Panel Charger with USB-C and USB-A Outputs for Phones, Power Banks, Tablets - Waterproof for Camping, Hiking, Backpacking",https://www.outdoorgearlab.com/topics/camping-and-hiking/best-solar-charger,The 9 Best Solar Chargers of 2025 | Tested & Rated,"Feb 18, 2025 ... We tested 30 solar chargers to power our adventures, including brands like Jackery, GoalZero, BioLite, and more."
cheapsolar chargersnear me,https://www.bestbuy.com/site/searchpage.jsp?id=pcat17071&st=solar+charger,solar charger - Best Buy,Shop for solar charger at Best Buy. Find low everyday prices and buy online for delivery or in-store pick-up.,https://www.target.com/s/solar+powered+phone+charger,Solar Phone Chargers & Power Banks,"Shop solar phone chargers and power banks with wireless charging, multi-device support, and up to 20000mAh capacity. Find portable solar chargers, ...",https://www.lowes.com/pl/fencing-gates/electric-fencing/electric-fence-chargers/solar/4294402536-4294817572,Solar Electric Fence Chargers at Lowes.com,Find a Store Near Me. MyLowesSign In. Cart with 0 itemsCart ... 10 Mile Solar Low Impedance Fence Charger 10-Mile Solar Electric Fence Charger. Find My Store.
